Type,Title,Category,Players,Duration
M,Dernière démarque,,,180
C,Youpi c'est vendredi,,,180
M,Première tentative,Pagnol,,240
M,"Télé shooting, Comment ça miaou ?,  Mon-college TV ",Zapping,2,180
C,Le roi et son maître,Contée,,150
M,La bataille a commencé,,,240
M,Vous avez deux nouveau messages,Espionnage,,180
C,L'apéro a mal tourné,Sitcom,,150
M,C'était un beau mariage,Comme je veux,,300
M,Jeux de vilaines,,1,180
C,La vie sans Megaupload,,,90
M,Choses à ne  pas faire ou dire en boite de nuit,Casting,,180
M,"C'est important, la santé",Statique,,210
M,Bientôt sur vos écrans,,,240
C,Retour au pays,Dramatique,,180
M,Bref. J'ai changé une ampoule.,Bref ?,,90
M,Raccolage actif,Exageration,,150
M,Première ligne,,,180
M,"Qui vole un œuf, vole un œuf",Cul-cul la praline,,240
M,Les charmes de l'Orient,Alphabétique,1,240
C,Rebelle au quotidien,,,150
C,"Baguette,Roulette,Poulette,Nuisette,Cacahouette,Croquette,Emplettes,Boulette,Raclette,Starlette",Fusillade,,30
